iter	Recall	Logloss
0	0	0.6750126917
1	0	0.658726939322	0	0.643692015833	0	0.630105434
4	0	0.6180055226
5	0	0.606630832766	0	0.5964182117	7	0	0.5865847408	8	0	0.5802775979	9	0	0.5718106431010	0	0.5640995721111	0	0.5594029511212	0	0.5550073101113	0	0.5506487801114	0	0.546802628115	0	0.5414579488116	0	0.5382412003117	0	0.5351238554118	0	0.5305791711119	0	0.5280108022220	0	0.5252717022221	0	0.5229089222222	0	0.5206938222323	0	0.5184730722424	0	0.5166408222525	0	0.5148491722626	0	0.5132393922727	0	0.5116301222828	0	0.5086664222929	0	0.5071265333030	0	0.5047404331	31	0	0.5024233232	32	0	0.501291333	033	0	0.500127334	034	0	0.498164335	035	0	0.497327336	036	0	0.496484337	037	0	0.495621338	038	0	0.494895339	039	0	0.493522440	040	0	0.492225441	041	0	0.491664442	042	0	0.491004443	043	0	0.490516444	044	0	0.490014545	045	0	0.489504646	46	0	0.4891014747	47	0	0.4880214848	48	0	0.487638449	049	0	0.487279550	050	0	0.48694251	0	51	0	0.48663552	0	52	0	0.48583553	0	53	0	0.4851254	0	054	0	0.4844555	0	055	0	0.4841556	0	056	0	0.4839257	0	057	0	0.4837258	0	058	0	0.483159	0	0.59	0	0.482960	0	0.60	0	0.482761	0	0.61	0	0.482262	0	0.62	0	0.482063	0	0.63	0	0.481664	0	0.64	0	0.481665	0	0.65	0	0.481666	0	0.66	0	0.481667	0	0.67	0	0.480668	0	0.68	0	0.480669	0	0.69	0	0.480770	0	0.70	0	0.479771	0	0.71	0	0.479772	0	0.72	0	0.479773	0	0.73	0	0.479774	0	0.74	0	0.479775	0	075	0	0.4790776	0	076	0	0.4788777	0	077	0	0.4787778	0	078	0	0.4785779	0	079	0	0.47880	0	0.80	0	0.478481	0	0.81	0	0.478282	0	0.82	0	0.478283	0	083	0	0.4780884	0	084	0	0.4780585	0	085	0	0.4779986	0	086	0	0.4779687	0	087	0	0.4778888	0	088	0	0.4778889	0	089	0	0.4777990	0	090	0	0.477691	0	0.91	0	0.477592	0	0.92	0	0.477593	0	0.93	0	0.47794	0	0.494	0	0.4795	0	0.4795	0	0.4796	0	0.4796	0	0.4797	0	0.4797	0	0.4798	0	0.4798	0	0.4799	0	0.499	0	0.4771529106
